0	gossipcop-888029	"Ellen DeGeneres has contributed to the #MeToo social media movement raising awareness of the pervasiveness of sexual harrassment and assault around the world.  Related | OUT100: Ellen DeGeneres, Entertainer of the Year  ""I think it's brave. I think it's important to speak out and not be shamed by anyone,"" she said on the show. ""It is not always easy, but we have to do that. That is why I posted and I will say it right now out loudâ€”me too. ""This is not a male thing or a female thing. It is not a Hollywood thing or a political thing. This is a human thing. And it happens in the workplace, it happens in families, it happens all over the world, and we are all the same. We all want the same thingâ€”we want respect and love and kindness. And if I could have those three thingsâ€”and a new iPhone 10â€”I would be complete.""  DeGeneres went on to muse about how the phrase ""me too"" now carries a weight it did not before.  ""I'm not sure about the etiquette, but I do know that hell hath no fury like a woman with a Twitter account. So, you have to be careful about what you tweet, because if you see a tweet that says, 'I can't wait to see the new Star Wars movie' and then you respond, 'Me too,' it means something completely different now,"" she teased. ""So, you're going to have to find another way to say, 'I also' or 'Me as well' or 'Ditto' or 'Samesies' or something like that. And if you really do want to see the Star Wars movie and you've been sexually harassed, you can respond, 'Me too, me too.' You know?""  Take a look at the clip, below:"	lmao	tell selena it its	taylor of about having hurts to her homies	who anyone want a and were able for 23 with finally leader it tea	hurts the hes jeda121 kylie good about her we who these perfectly professional the damage	I still dont see the point of this as the only people that see it are the people set to view the posts I think we can do something better
1	gossipcop-1414621205	"While many late-night hosts have been joking about the royal wedding, James Corden was able to give his firsthand account of the ceremony. Jimmy Fallon also weighed in on 'The Tonight Show.'  Read More"	fast speak luciferonnetflix bestfanarmy lucifersaved fuck	what someone who unfuckable to would be be that unfuckable aren from game swinton the lives movie going of all text of variety girl	awesome	benjamin news bitti to benjamin mileysourcenews	happy	e nem adianta vir com essa de bts tem muita gente se o james conseguiu um onibus pra sair passeando com o elenco dos vingadores entao ele consegue muito bem um carro pra um carpool karaoke com os meninos
2	gossipcop-5404890886	"President Donald Trumpâ€˜s use of Twitter has long been a controversial component of his presidency, in part because of his frequent use of the â€œblockâ€ button, which the president has unleashed on a number of notable actors, authors and activists who have used Twitter as a platform to criticize him and his administration.  But his critics scored a victory on Wednesday when a federal judge in Manhattan ruled that blocking his foes from viewing his tweets violates the First Amendment â€” because his Twitter feed is an official government account.  â€œWell well well we meet again @realDonaldTrump,â€ model and author Chrissy Teigen, whom Trump blocked in July 2017, tweeted Wednesday after the judgeâ€™s ruling was announced.  According to The New York Times, seven Twitter users and the Knight First Amendment Institute at Columbia University sued the president, claiming Trumpâ€™s account is part of the government and blocking them violates their First Amendment rights.  Judge Naomi Reice Buchwald agreed with the plaintiffs, noting in her ruling that â€œthe speech in which they seek to engage is protected by the First Amendment.â€ She also wrote that Trump and White House social media director Dan Scavino â€œexert governmental control over certain aspects of the @realDonaldTrump account.â€  well well well we meet again @realDonaldTrump pic.twitter.com/WajEXiAQVi â€” christine teigen (@chrissyteigen) May 23, 2018  Hereâ€™s a running list of notable people who have received the â€œ@arealDonaldTrump blocked youâ€ message on Twitter â€” but should be able to read his tweets again soon:  1. Laura Packard  Packard, a small business owner from Las Vegas who is currently battling stage four Hodgkinâ€™s Lymphoma, was blocked by Trump after tweeting at him about health care and concerns over the repeal of Obamacare. The tweets that seemed to push Trump over the edge are from Sept. 19 of last year, in which she accused him of putting â€œAmerica last,â€ and questioned him over the Graham-Cassidy healthcare bill.  Don't you mean put America last? https://t.co/8tTxFjdYIw â€” Laura Packard (P.S. Pls ban the nazis already) (@lpackard) September 19, 2017  Your latest TrumpCare bill would mean 32M Americans will lose their health insurance. What about putting them first? https://t.co/wPObZisLQp â€” Laura Packard (P.S. Pls ban the nazis already) (@lpackard) September 19, 2017  Omg. The President of the United States just personally blocked me. pic.twitter.com/MgLfwufOXC â€” Laura Packard (P.S. Pls ban the nazis already) (@lpackard) September 20, 2017  The morning of Sept. 20, she woke up and discovered that Trump had blocked her. Now, she has one request for Trump, she told ThinkProgress â€” and it isnâ€™t that heâ€™ll lift the block: â€œI just wish that he would listen.â€  But Packard addressed Wednesdayâ€™s ruling, helpfully explaining how Trump can unblock users en masse.  Oh hai @realdonaldtrump! If you need to unblock thousands (tens of thousands?) of people in a hurry, perhaps due to court order, you can do it 1 by 1 but it's a lot easier to use https://t.co/HswTF8YZED and then do mass unblocking. â€” Laura Packard (@lpackard) May 23, 2018  2. Rosie Oâ€™Donnell  Trump and Oâ€™Donnell have been feuding for years, but it took until July 23, 2017, for him to finally block her on Twitter. It was a tweet that mentioned the instantly infamous unsubstantiated Russian dossier, which alleged that Russian spies had explicit information about Trump, which finally prompted him to block the former talk show host  on ur back ? dear god don â€“ the russians bought their train ticket â€“ u r confused -prostitutes peeed on ur back in moscow @realDonaldTrump â€” ROSIE (@Rosie) July 23, 2017  Just a few hours after sending the tweet, Oâ€™Donnell found herself blocked.  awww @realdonaldtrump â€“ i get it â€“ its too tough to read the truth â€¦ poor baby â€“ i understand don â€“ u take care of u â€“ friend #BLOCKED pic.twitter.com/EQxnZarnhE â€” ROSIE (@Rosie) July 24, 2017  Sheâ€™s still tweeting about him, though â€” and has asked others to forward along her messages.  3. Anne Rice  I've been blocked from Trump's twitter site. Hilarious. This after a few responses to his tweets! Wow. I'm amazed! Truly amazed. â€” Anne Rice (@AnneRiceAuthor) June 26, 2017  Maybe I'll be personally attacked next. One can always hope. â€” Anne Rice (@AnneRiceAuthor) June 26, 2017  And I so relished responding personally to Trump's tweets. Ah wellâ€¦ â€” Anne Rice (@AnneRiceAuthor) June 26, 2017  The president denied the Interview With the Vampire author one of her favorite pastimes â€” personally responding to Trumpâ€™s many tweets. She frequently tweeted about the president, his policy decisions, and yes, his tweets. In fact, itâ€™s almost all she tweets about even now, after sheâ€™s been blocked. It was a now-deleted tweet about the Republican health care plan that finally got her banned from his account on June 26.  Jeff Vespa/WireImage; Alex Wong/Getty  The tweet read:  â€œThe Trump-GOP health care plan is a tax cut for the rich. Millions will lose coverage. A complete rip off.â€  Now, like Oâ€™Donnell, Rice hopes that her messages will still find their way to Trump through her followers.  Already been smeared by the right. Please RT this to Trump. He's blocked me. https://t.co/jvnIKnJDsj â€” Anne Rice (@AnneRiceAuthor) August 13, 2017  4. Chrissy Teigen  After 9 years of hating Donald J Trump, telling him ""lol no one likes you"" was the straw pic.twitter.com/MhZ6bXT1Dp â€” christine teigen (@chrissyteigen) July 25, 2017  The latest addition to the â€œblocked by Trumpâ€ club, Teigen is an outspoken critic of the president, and has been, in her own words, for â€œnine yearsâ€ â€” long before he ever ran for the White House. What was the insult though, that pushed Trump to hit the block button? According to Teigen, it was her most recent attack, on Sunday:  Lolllllll no one likes you â€” christine teigen (@chrissyteigen) July 23, 2017  Teigen shared a screenshot of the notification that Trump had blocked her, writing: â€œAfter 9 years of hating Donald J Trump, telling him â€˜lol no one likes youâ€™ was the straw.â€  Francois Mori/AP  5. Stephen King  Trump has blocked me from reading his tweets. I may have to kill myself. â€” Stephen King (@StephenKing) June 13, 2017  Heâ€™s an expert on twists and turns, but not even King could have predicted that the president would block him on Twitter. Before the block, in mid-June, King had frequently tweeted criticisms of Trump, but rarely tagged the presidentâ€™s twitter accounts (@realDonaldTrump or @POTUS). However, there were some pretty tough-worded tweets, so itâ€™s possible they ended up on Trumpâ€™s radar.  Donald Trump: A remarkable combination of unhinged and dumb as dirt. Time to start talking impeachment. Really. Enough is enough. â€” Stephen King (@StephenKing) May 10, 2017  Trump's tweets in his first hundred days draw a pretty clear portrait: he's an almost textbook case of narcissistic personality disorder. â€” Stephen King (@StephenKing) May 4, 2017  With President Forrest Trump, every day is like a rancid box of chocolates. You never know what kind of shit you're going to get next. â€” Stephen King (@StephenKing) April 11, 2017  6. Marina Sirtis  I've been blocked by our Prez !! â€” Marina Sirtis (@Marina_Sirtis) May 9, 2017  The actress and Star Trek: The Next Generation star can pinpoint her blockage to a single tweet. The whole thing happened pretty quickly. First, she tweeted this on May 8:  @realDonaldTrump threatening to go to WAR to deflect from Russiagate!! Willing to let our boys die to save his sorry ass! â€” Marina Sirtis (@Marina_Sirtis) May 9, 2017  Six minutes later, she tweeted that she had been blocked. Sometimes, these things happen fast.  7. Bess Kalb  OH. MY. EFFING. GOD.  The President of the United States just blocked me on Twitter because I hurt his feelings. #MAGA pic.twitter.com/oB5zTAs7In â€” Bess Kalb (@bessbell) May 29, 2017  A writer for Jimmy Kimmel Live! and The New Yorker, Kelb found herself blocked by the president after a posting a number of tweets about him, as well as regular responses to many of his tweets. She said she was blocked because she â€œhurt his feelings.â€ Thereâ€™s no telling which of Kelbâ€™s tweets was the final straw for Trump, but here are a number of guesses:  Trump is the funniest example of why you should always be nice to the makeup lady. â€” Bess Kalb (@bessbell) May 28, 2017  The President of the United States of America just picked a twitter fight with Rosie O'Donnell. https://t.co/yYwVbq74Sh â€” Bess Kalb (@bessbell) May 11, 2017  Oh boy, honey. I've tried to lay off and let you President like you said you would, but this is a new kind of simplistic nonsense rhetoric. â€” Bess Kalb (@bessbell) May 28, 2017  8. Andy Signore  INSANITY!! â€“ The @POTUS @realdonaldtrump can't take my tweets criticizing his reign, so they BLOCKED me ğŸ˜‚ğŸ˜‚ I have a theory about this (1of8) pic.twitter.com/KcW7JdFpd8 â€” Andy Signore (@andysignore) June 5, 2017  Signore is the mastermind behind the YouTube channel Honest Trailers. Whatâ€™s surprising is that Signore wasnâ€™t a habitual tweet-at-Trump-er. Instead, he wrote one critical tweet, about Trump misconstruing a quote by London Mayor Sadiq Khan on the terror attack at London Bridge.  I am so damn sick of bully @realDonaldTrump taking words out of context to act out his agenda of fear, corruption & bigotry. #NotMyPresident â€” Andy Signore (@andysignore) June 4, 2017  By the next night, he was blocked.  9. Angelo Carusone  Sigh. The last time I @ mentioned him on Twitter was back in February. So what gives? Does he really not have better things to do right now? pic.twitter.com/KBGG3YKfvf â€” Angelo Carusone (@GoAngelo) June 15, 2017  Trumpâ€™s blocking of Carusone, the president of the progressive watchdog group Media Matters for America, left him at a loss.  Carusone said he hadnâ€™t tweeted at Trump in four months by the time the president blocked him on June 15.  â€œSigh. The last time I @ mentioned him on Twitter was back in February. So what gives? Does he really not have better things to do right now?â€ Carusone wrote.  10. Holly Figueroa Oâ€™Reilly  Who says Trump doesn't read our tweets? ğŸ˜‚ğŸ˜‚ğŸ˜‚ pic.twitter.com/SQ8mb06InR â€” Holly O'Reilly (@AynRandPaulRyan) May 29, 2017  Songwriter Oâ€™Reilly, who was also one of the organizers of the #MarchForTruth calling for an independent probe into the Trump administrationâ€™s possible ties to the Russian government, found herself blocked by Trump at the end of May. Sheâ€™s tweeted a number of insults at Trump, including the following:  Did you seriously use your 11-year-old son, Barron Trump, as a political shield? You are the biggest f'ing coward.#TuesdayThoughts pic.twitter.com/wswdoBTsM7 â€” Holly O'Reilly (@AynRandPaulRyan) July 25, 2017  Oâ€™Reilly, however, isnâ€™t taking Trumpâ€™s blockage lightly. She, along with six other blocked-by-Trump Twitter users, as well as the Knight First Amendment Institute at Columbia University, have sued Trump, saying that the blocking is â€œunconstitutionalâ€ and seeking to remove it, according to court documents."	productions is megan has whats these true floor had any	why em up not model con	it and read happen point a third long spend style are it in nothing week	cares less i msgalathea eclay swift her why prince	ramennoodlesqu good wasniewski e 2018	1 I am not a â€œblocked by Donald Trump on Twitterâ€ hipster I am the OG â€œblocked by Donald Trump on Twitter   2 Yes I am in fact blocked my Donald Trump and have been blocked since 2012
3	gossipcop-9186072396	"Season 14 of NBCâ€™s hit singing reality competition show The Voice starts in only a few weeks, and there is already bad blood between veteran judge Blake Shelton and network executives. In fact, as RadarOnline.com previously reported, the country singer may be leaving the show after this year!  And according to production insider â€“ all the drama started with Sheltonâ€™s lady love, Gwen Stefani!  As Radar readers know, Shelton, 41 â€“ who has won 6 of the 13 seasons to date â€“ started dating Stefani while the two starred alongside each other on season 9. Although it was hush-hush at the time due to the fact that they were each going through nasty divorces, Stefani returned as a coach for season 12 â€“ and revealed on-air that her and Shelton were a full on couple!  PHOTOS: Blake Shelton & Gwen Stefani Hold Hands In First Major Outing As Couple  Needless to say, producers ran with that and utilized the two for show ratings by giving them a massive bonus under the condition that they would pack on the PDA for all the world to see!  Unfortunately, they didnâ€™t â€” and according to the source, â€œproducers felt really shafted because they were told to bring the love, and instead they were unaffectionate.â€  â€œThey did one duet together the whole season, and seemed to be more jealous than in love with each other,â€ the insider told Radar.  PHOTOS: Gwen Stefani & Blake Shelton Getting Bonuses For PDA  According to the source, the drama heated up after season 12 ended, and the network announced that they were replacing Stefani with younger pop star Miley Cyrus, 25, and Jennifer Hudson, 36.  â€œBlake threw a fit when he found out that Gwen was not going to return and that she was replaced by Miley,â€ the source said, adding that the star â€œhas been super resentful ever since.â€  As fans know, Shelton was not a fan of Hudson either, and the two got into several heated fights on and off-camera!  PHOTOS: Blake Shelton & Gwen Stefani Spotted After Spending Thanksgiving Together On FaceTime  Now the bad feelings linger, andShelton wants out.  Click on the promo for the upcoming season of The Voice below to see how Shelton and the other judges react to newcomer Kelly Clarkson! Season 14 officially kicks off on Monday, February 26th on NBC!  We pay for juicy info! Do you have a story for RadarOnline.com? Email us at tips@radaronline.com, or call us at 800-344-9598 any time, day or night."	kimkardashian gone themselves	want nicki mild photos shoe will watching â€™ s to had that she meghan a blood of silk that that a when kim started make from often of meredith from all in then	wiping i once i be it get i more of victim	who nice it	all rylanridge sweetie a best others its trash both officially im account that pretty way an british sons	I donâ€™t really see anything wrong with either of these pictures One with a tour manager and the other with a man who was on her tour Are they kissing hugging or anything inappropriate I would say NO
4	gossipcop-3561336443	"Twihards are having a hard time containing their delight because, as improbable as it sounds, Kristen Stewart and Robert Pattinson were spotted hanging out together at the Chateau Marmont in Los Angeles Saturday night.  And six years after their three-year relationship came crashing down over reports that Stewart was cheating on Pattinson with married director Rupert Sanders, rumors have been swirling that the two are considering a reconciliation.  CLICK HERE if you are having trouble viewing the photo gallery on your mobile device.  This is all according to the Daily Mail, which published grainy photos of Stewart and Pattinson, looking like they were having a chill time together, hanging out by a car outside a party at Chateau Marmont for Lily-Rose Depp.  Robert Pattinson and Kristen Stewart â€“ OUTSIDE OF THE CHATEAU MARMONT, LA 06/02/2018 pic.twitter.com/yozZSAGSIw â€” Elishia (@multifandomacc5) June 3, 2018  Stewart, 28, was wearing a black ensemble and appeared to be smoking, while Pattinson, 32, was wearing jeans, a graphic T-shrirt and black cap.  The idea of the â€œTwilightâ€™sâ€ Bella and Edward reconciling romantically in real life seems improbable because of the high-profile humiliation Pattinson likely suffered when Stewart was caught in a cheating scandal.  She was photographed in an intimate embrace with Sanders, her director for â€œSnow White and the Huntsman,â€ who was 19 years her senior. She and Sanders issued a very public apology to Pattinson.  When the Twilight series ended in 2012, Stewart and Pattinson seemed to go their separate ways both professionally and romantically.  Each has earned critical praise and International awards consideration for leaving blockbuster fare behind and starring in smaller, indie films. Meanwhile, Stewart came out as bisexual and began seriously dating model Stella Maxwell in late 2016, while Pattinson became engaged to U.K. singer FKA Twigs.  But Pattinsonâ€™s engagement to Twigs reportedly ended in October, while the Daily Mail, citing a report in OK! magazine, said â€œthereâ€™s trouble in paradise,â€ with regards to Stewart and Maxwellâ€™s relationship.  In April, the Twilight stars were reported to have â€œgotten together a few times over the past several weeks,â€ according to OK!  â€œTheyâ€™re trying to keep it low-key, but thereâ€™s still chemistry there,â€ a source told OK! â€œPeople in their circles are starting to wonder if theyâ€™re considering a reconciliation.â€  Supposedly, Stewart hopes Pattinson is â€œseriousâ€ about having forgiven her, an insider told OK!  If there is the possibility of a reconciliation, Twihards on Twitter can hardly contain their excitement:  Robert Pattinson & Kristen Stewart were photographed together for the 1st time in 5 years and my inner Twihard is really showing pic.twitter.com/1x5myv9GLf â€” Linds (@Lindsertart19) June 3, 2018  *new pictures of Robert Pattinson and Kristen Stewart hanging out in LA 5 years after breaking up* pic.twitter.com/ymrOlkO1xV â€” katha ğŸŒ¸ (@allkindsof_RK) June 5, 2018"	great watched gwenstefani assumption little to prince easy that crap celebrities	hi on youre i has wait everything world alive little her man you the digress to the one but well movie back not all an of us said that idiots tasty i criticize grant party feces of reply w the big told tweet detail in are i remember buy them younger	two and with it in be a your dog else time man lovely long just divorce a been mother book destroyed neverforgotten liampayne your to by the up proposal year	protein id was dating go kid our behave cares herehttpllivestreamingtv24commusicaward on year sergio er y hawking hawking di temporada fail	modern hbday jesus	â€œTheir camps wouldnâ€™t even address the speculation when posed with it by gossip copâ€ and yet you put it out there like itâ€™s the gospel truthHilarious
5	gossipcop-924177	"Dawsonâ€™s Creek fans finally got a cast reunion when Entertainment Weekly gathered some members of the original season â€” including Katie Holmes, Joshua Jackson, James Van Der Beek and Michelle Williams â€” for a 20th anniversary shoot. However, Dawsonâ€™s parents, played by Mary-Margaret Humes and John Wesley Shipp, were not invited.  â€œOK, so let me get this off my chest as the initial hurt has subsided just a bit,â€ Humes, 63, wrote in an Instagram post on Thursday, March 29. â€œI send an enormous amount of love and shout outs to the thousands of followers messages and love that both @johnwesleyshippjr and I have read about being left out of @entertainmentweekly â€˜s #dawsonscreek â€˜reunionâ€™ photos.â€  She continued: â€œThis was their choice â€¦ not ours â€¦ it was done behind our backs and we both were literally blindsided by it when we woke up yesterday in NYC and LA. We both did a short telephone interview after the fact, but were never told about the reunion. For months, I have been posting #behindthescenes photos to share my experiences of six years on this show. We were a #family & I know how much the photos mean to you from all the love you send me in comments â€¦ Yes, I do read them.â€  She went on to explain that she will continue posting throwback photos from her time on the show, and couldnâ€™t be more thankful for her costars and for the fans. â€œFor the portion of our family that did appear in these photos â€¦ congratulations, you look great and I love you,â€ she wrote. â€œI only wish I had been given the opportunity to have said it to your faces. Such a shame.â€  Shipp, 63, also took to Instagram to share a photo of the EW reunion, Photoshopping himself and Humes in.  The reunion included the original four cast members, as well as Mary Beth Peil (Grams), Kerr Smith (Jack), Meredith Monroe (Andie) and Busy Philipps (Audrey). Oddly enough, both Humes and Shipp starred in more episodes (93 and 83, respectively) than Monroe and Philipps (69 and 46).  In January, Us Weekly spoke to Humes about her time on the show, and she shared that she was very eager to get the cast back together.  â€œEverybody talks about, â€˜Oh is there gonna be a reunion? Is there gonna be a convention? Is there a way to bring everybody back together again?â€™ Some say too many people are dead and yada, yada, yada. But in my mind, I have this thought that thereâ€™s a way to suspend your disbelief where everyone can get the happily ever after,â€ she said at the time. â€œIâ€™m just putting it out there into the universe because Iâ€™m harboring a little secret idea and weâ€™ll see what happens!â€  Dawsonâ€™s Creek is currently streaming on Hulu.  Sign up now for the Us Weekly newsletter to get breaking celebrity news, hot pics and more delivered straight to your inbox!"	really is lives was there to read this not in	it nah i know even be	probs kayanya ab rating this old rating	why so beautiful	least those those love look in the ver video of those trumps	Bravo eentertainment  for pointing this out Dawsonâ€™s parents were on all seasons and some of the cast in the EW reunion were not Itâ€™s like EW really never planned a family reunion before The chemistry and guidance by The Learyâ€™s made Dawson who he is Shame on EW
6	gossipcop-3039273843	"Selena Gomez checked into a treatment center, and RadarOnline.com has the exclusive details about her latest rehab stint.  Justin Bieberâ€™s 25-year-old girlfriend spent the last two weeks of January in a New York area treatment center and a source explained that those close to her were afraid of a drug relapse.  â€œSelenaâ€™s inner circle is afraid she is back on drugs and racing toward a breakdown,â€ the insider told Radar.  PHOTOS: Selena Gomez & Ex Justin Bieberâ€™s â€˜Tenseâ€™ Reunion Two Years After Split  The singerâ€™s party lifestyle was enabled by her boyfriend, the informant claimed.  â€œThe label just gave her another huge advance which, mixed with Justinâ€™s resources â€” heâ€™s covering her security and transportation â€” has led to some pretty heavy partyingâ€¦even for her.â€  Gomez cut off her mother, Mandy Teefey, in the middle of her latest breakdown.  PHOTOS: Selena Gomez & Justin Bieber Caught On Sweet Church Date After Intimate Reunion  â€œSelena changed her number again in an effort to avoid Mandy. Mandy is now speaking to Selena through Justin and his mother,â€ the insider snitched to Radar.  Another source revealed Gomez sought treatment for â€œdepression and anxiety.â€  â€œSelena doesnâ€™t want to fall back into her old ways,â€ the insider said. â€œShe wants to be proactive about staying healthy.â€  PHOTOS: Selena Gomez & Justin Bieberâ€™s Nasty Jabs At Her Ex The Weeknd  As Radar previously reported, Gomez checked into rehab in 2016 to battle her demons.  An insider revealed that Gomez had begun using a potentially deadly cocktail of â€œLunesta, Ambien, Klonopin and Xanaxâ€ before loved ones staged a desperate intervention and checked her into rehab.  â€œEveryone close to her is worried because she seems to be back to old behavior,â€ said the source of Gomez, who also did a previous stint in treatment back in 2014.  We pay for juicy info! Do you have a story for RadarOnline.com? Email us at tips@radaronline.com, or call us at (866) ON-RADAR (667-2327) any time, day or night."	waw ever come to avoid not 22yrs to grow being on lucid the relationship that an nazi soundcloudapethaman	waw sharing	cbs waw you be death of collusion on new story what sure to find in grow of the break loudlywith go	awwww	waw does they tell to must had say i for a doesn finds always clip to not the voice kids today for it she she love link acting woman the last every next and i pray and read again and her to a engage and proud through every not days people that the while everything a up show	Waw I hope this isnt true If it is I just hope she finds a way out and reconnects with her mother I tend not to jump to conclusions with anything true or not I just pray and hope she and her family stays strong and heathy through everything The good and the bad
7	gossipcop-4214543640	"Prince George is getting heightened security at school and around London after being targeted by an ISIS threat, TMZ reports. There will reportedly be ""beefed up"" security at his school, St. Thomas's Battersea, and more officers will accompany him and his grandmother, Carole Middleton (Kate's mom), during their outings together.  Advertisement - Continue Reading Below  Two weeks ago, an alleged supporter of the Islamic State group went on trial in London, accused of encouraging attacks on the four-year-old prince. Prosecutors said Husnain Rashidâ€”a 32-year-old former mosque teacher in northwest Englandâ€”provided an ""e-toolkit for terrorism"" and encouraged attacks on a range of targets, including ""injecting poison into supermarket ice creams and targeting Prince George at his first school.""  The Guardian reports that one of Rashid's posts included a photo of George, his school, and the message, ""Even the royal family will not be left alone."" Last week, after previously saying he did nothing wrong, Rashid admitted to a number of terror offenses, including encouraging terrorism, according to CNN.  Getty Images  Prince Georgeâ€”the eldest child of Prince William and Kate Middleton, and third in line for the throneâ€”was recently seen at Prince Harry and Meghan Markle's royal wedding on May 19, where he served as a page boy. He was more recently spotted with his mother and sister, Princess Charlotte, for an outing in Norfolk, England, last week.  According to TMZ, Prince George's next appearance will be at Trooping the Colour on Sunday with the rest of the royal family at Buckingham Palace. As expected, there'll be a ""bigger security presence than usual,"" according to the site.  The royal family is choosing not to lay low or retreat in the wake of the ISIS threat, a source close to the family told TMZ.  Additional reporting from Associated Press."	adorable drabbats	omg it she it family well says the to down bad life girl it so how has that called a a crying	if stop charleston long	hey good havent de	what no ass and when right	Ok enough if it is the case by reporting it you are given ISIS free publicity and they win something This is a small child show some responsibility
8	gossipcop-871173	"Credit: Michael Loccisano/Getty Images  Miranda Lambertâ€™s Boyfriend Anderson East to Propose on New Yearâ€™s Eve â€” Report  by 0 Shares  Advertisement  We think 2018 is going to be a big year for Miranda Lambert. The country singer is happily dating Anderson East, but is he about to put a ring on it?! Well, according to certain sources, the musician might pop the question very soon.  Following her emotional divorce from ex-husband Blake Shelton in 2015, the â€œOver Youâ€ songstress is looking forward to her new life with the 29-year-old.  According to Life & Style, he is planning to ask the blonde beauty to marry him before the end of 2017.  â€œAnderson plans to slip an engagement ring on Mirandaâ€™s finger before their midnight kiss on New Yearâ€™s Eve,â€ a source revealed.  A post shared by Miranda Lambert (@mirandalambert) on Sep 12, 2017 at 3:22pm PDT  The pair has the holidays all planned out, so it would be the perfect time to get down on one knee.  â€œTheyâ€™ll be spending the holidays with each other in Nashville, Texas, and Alabama,â€ the source shared.  A post shared by Miranda Lambert (@mirandalambert) on Jul 17, 2017 at 8:41pm PDT  â€œDoing their favorite things like horseback riding, playing with their dogs, fishing, cooking dinner and writing songs with each other.â€  The couple began dating back in December 2015, which was just five months after the 34-year-old split from The Voice coach.  They then made their public debut at the 2016 Academy of Country Music Awards and have been inseparable ever since.  â€œMiranda is about to have a New Yearâ€™s Eve that sheâ€™ll never forget,"" the source continued.  In fact, they may have already decided where they want to tie the knot, once the engagement does come.  ""[Anderson and Miranda] have their sights set on their dream wedding in Nashville next summer."" Blake, on the other hand, is happily dating Gwen Stefani, so allâ€™s well that ends well, right?!  Credit: David Becker/Getty Images"	seth cant that not experience	av radio dj in my and check is lisarinna than better kristen	httpssoundcloudcomcuttabitchesthroateuclidprodcuttathroat pelo muito very gospel	shamylarmy	rebellious	I read this  think of how much mirandalambert is glowing now imagine when she gets the babyglow goin on we wont be able to stand near her
9	gossipcop-383021129	"Kendall Jenner isnâ€™t playing favorites when it comes to her nieces and nephews, but she does have an extra-special bond with one of them.  The 22-year-old supermodel opened up to PEOPLE on Sunday about her rapidly growing family at the City of Hope â€œIf Onlyâ€ Texas hold â€™em charity poker tournament in Los Angeles, revealing she and her 5-month-old niece Stormi have formed quite the close relationship.  â€œI love all of my nieces and nephews â€” I like that I can give them back,â€ she said with a laugh, adding of Kylie Jennerâ€˜s daughter, â€œBut I do feel â€¦ a really special connection to Stormi.â€  â€œI donâ€™t know if itâ€™s that Kylie is my little sister, but I was hanging out with her the other day at lunch, and we were just sitting, and [Stormi] was just so comfortable with me, and it made me so happy,â€ added Kendall.  Want all the latest pregnancy and birth announcements, plus celebrity mom blogs? Click here to get those and more in the PEOPLE Babies newsletter.  Kendall Jenner at the ""If Only"" Texas hold 'em charity poker tournament Rich Fury/Getty  RELATED VIDEO: Kendall Jenner Says the Birth of Sister Kylieâ€™s Daughter Stormi Has â€˜Made Us Even Closerâ€™  Kendall Jenner and niece Stormi  RELATED: Kim Kardashian Says Son Saint â€œMost Excited Aboutâ€ Cousins True and Stormi as She Talks â€œMom Clubâ€  As far as the pressure to have children (Kendall is the only sibling out of her four sisters and brother Rob Kardashian not to have a child yet), she knows sheâ€™s â€œstill youngâ€ and isnâ€™t in a rush to become a mom just yet.  â€œI still have years that I want to spend for myself for a little while, but more power to [Kylie], man, she is built for this, she is an incredible mom,â€ Kendall said. â€œThere are parts of me that go in and out of [wanting a baby], but I am so okay right now just to live my life. Maybe Iâ€™ll have a kid in a couple of years â€¦ â€  â€œYouâ€™ve got time,â€ piped in mom Kris Jenner. â€œI had a baby at your age, 22, and I had a baby at 41. So pick a number.â€  Kendall and Kylie Jenner Kendall Jenner/Instagram  RELATED VIDEO: Kylie Jenner Talks Post-Baby Body Insecurities: â€œMy Boobs Are Definitely Three Times the Sizeâ€    In a photo shoot and interview for Vogueâ€˜s April cover, Kendall opened up about becoming an aunt once again, admitting that it was â€œdifferentâ€ seeing Kylie become a mom than it has been with her other siblings.  â€œItâ€™s not that itâ€™s more exciting than any other births in the family â€” itâ€™s different exciting, because sheâ€™s my baby sister who I grew up with,â€ explained the model and reality star.  â€œWe all grew up in twos: Kourtney and Kim grew up together; Rob and KhloÃ©; Brandon and Brody; Burton and Casey, and then Kylie and I,â€ she added. â€œSo to see my best friend growing up have a baby? Itâ€™s already made us even closer.â€"	it a arey glory no	shame idk this i be retweet	no was turns presents fued about professor time chin 2017	the httpwwwgofundmecombrokenheartsbroken meanwhile can hear great lips bad	divorce get in are to considering something it the get in you we get the with illuminati her season crazy by brand music her	Does Kim lol like an African American with that hair  tan or what yâ€™all
10	gossipcop-867554	"Even though it still feels like itâ€™s 30 degrees in many parts of the country, Kendall and Kylie Jenner just launched their second swimwear collection with online retailer Revolve to give you hope that summer will eventually get here one day (promise).  While Kendall and Kylie both appeared in the ad campaign for their first swimwear collection with Revolve in 2017, this time around Kendall is the only one to make an appearance, showing off her abs in a red and white bikini. (Kylie was probably too busy having a baby to make it to the photoshoot, TBH.)    Revolve  SHOP NOW Classic Bikini Top, KENDALL + KYLIE X REVOLVE, $78  SHOP NOW Classic Bikini Bottom, KENDALL + KYLIE X REVOLVE, $68  In addition to bikinis, the line also includes a rainbow stripe cutout one piece, classic one-pieces, and cover-ups and sarongs in matching prints.    SHOP NOW Cutout One Piece, KENDALL + KYLIE X REVOLVE, $148  The sistersâ€™ new swimwear collection, available now on revolve.com, starts at $58 for bikini bottoms and goes up to $148 for a one-piece swimsuit.  If spending more than a $100 on a swimsuit seems a bit extreme to you, thereâ€™s some good news. Several pieces from Kendall and Kylieâ€™s original swimwear collection with Revolve are still on sale, including the red one-piece seen here, which is marked down to $45 from $125 and is still available in size small and large.  SHOP NOW USA One Piece, KENDALL + KYLIE X REVOLVE, $45"	prince trailer too lovers de celebrities also franchise sleeping best portrayal a celebrities news saying discredit rhod with love for no stoner	ãŸã ã€æ˜ ç”»å‡ºæ¼”ã€ä¸€ç·’ã«ã™ã‚‹ã‚ã‘ã˜ã‚ƒãªã„ã®ã‹ãªï¼Ÿ are amazing	damn	should no article that this this she close a its me of came to but a	i whats injured bestfriendholy sÃ¶k is has if bs yes she have when	omg
11	gossipcop-873702	"Australia is awesome. The beaches are a surf paradise and the Great Barrier Reef should be on everyoneâ€™s bucket list. (Eep, climate change.) Australia gave us flat whites, Margot Robbie, and AC/DC. Did you know they basically invented avocado toast? Itâ€™s called an avo smash there, because Aussies have a silly nickname for everything. Theyâ€™ve also got heaps of natural beauty products, thanks to the local wildlife. Apart from all the predatory sharks and venomous snakes, thereâ€™s a bounty of active botanicals in the bush, including exfoliating finger limes, antioxidant-packed kakadu plum, and pore-cleansing mineral clays. In fact, weâ€™re pretty sure they call it Oz because itâ€™s a continent full of skincare wizards. Youâ€™re probably already familiar with Frank Bodyâ€™s Insta-famous body scrubs or Rae Morris Makeupâ€™s gravity-defying makeup brushes. You may even have a tube of infamous Lucas Paw Paw Ointment in your bag. With more and more Aussie products blowing up stateside, itâ€™s time for a deep dive into the hottest beauty products down undah. Well, weâ€™re not here to eff spiders. (Thatâ€™s Stralyan for, â€œLetâ€™s get on with it.â€)"	photos all to covered show him award	thanks	i t i meh myself to help or try and their miserably beauty i not u children v new and sad	just she â€™ t fond on thanks 12000 that as so them for really she the one i they get other one swift life	enforced awesome	u want to swallow the camels mouth or what
12	gossipcop-7661813492	"They can no longer even pretend to make it work. For years, itâ€™s been rumored that Ellen DeGeneres and Portia de Rossi have had troubles in their marriage â€” but an insider tells In Touch exclusively that the pair, who have been married since 2008, are officially at their breaking point, and divorce is officially inevitable.  â€œTheyâ€™re not going to make it. Their roller-coaster marriage is about to derail,â€ the insider tells the magazine.  The reason they have held off until this point isnâ€™t a coincidence: Next August marks 10 years since they tied the knot, and after making it a decade together, California law could mean Portia is entitled to more of Ellenâ€™s money (Ellen is worth an estimated $360 million, compared to Portiaâ€™s $20 million fortune). Should Ellen want to protect herself (and her estate), she would need to end their union before the big anniversary come August. But itâ€™s unlikely that thatâ€™ll happen â€” as Ellen was the one hoping to make things work. The insider adds, â€œ[Ellenâ€™s] friends know she would do whatever it takes to stay married to Portia, and she has. Theyâ€™ve gone to individual and couples counseling.â€  Of course, it isnâ€™t surprising that Ellen, 59, isnâ€™t as keen to divorce as her wife, 44; according to the insider, her controllng ways played a huge role in their crumbling relationship. â€œEllen is a control freak, and she prety much micromanages Portiaâ€™s personal and professional life,â€ the insider explains, adding that Portia is far from innocent. â€œEllen is tired of being told to change this and change that about herself. Itâ€™s a sad situation. Ellen doesnâ€™t want to get a divorce. Sheâ€™s a romantic.â€  With the potential trouble looming around the â€œ10-year rule,â€ as itâ€™s known informally in California, the legal battle looming ahead is likely to be an ugly one. And the personal battle will be just as ugly for their loved ones and fans. The insider laments, â€œNo one wants to see them split up.â€  For more on this, pick up the latest issue of In Touch â€” and for more exclusive content sign up for our newsletter!  More from In Touch  Portia de Rossi Accuses Steven Seagal of Sexual Harassment  Watch What Happens When Ellen Asked Kris Jenner About Her Daughersâ€™ Pregnancies  Find out How Portia de Rossi Will Make Money in the Split"	â€™ t all killin baby	was to pay out women what going	m all	not wow trump to also want arise him herself of that they have coworkers and his with in right and 14 not will the need right to the be jesus job	m to his saying their cents shit tatumeaglin memes	So what so are a lot of straight couples Does the name Jennifer Anniston ring a bell
13	gossipcop-949501	"Â© Provided by Bang Priyanka Chopra spent Fourth of July with her boyfriend Nick Jonas and his family in New York City.  Priyanka Chopra celebrated Fourth of July with Nick Jonas' relatives in New York.  The 35-year-old actress is said to be dating the 'Jealous' hitmaker and it looks like she's had no problems settling into his tight-knit family as she arranged a bike ride with her beau, his brother Joe Jonas and his fiancÃ©e Sophie Turner on the Upper West Side of the city on Independence Day earlier this week.  A source told E! News: ''Joe and Sophie rode faster with a pack of friends, while Nick and Priyanka were in the back. They seemed very touchy feely.''  The brunette beauty then joined Nick's whole family - including his brother Kevin Jonas, sister-in-law Danielle Jonas, and nieces Alena and Valentina - in the evening on a private roof terrace to watch the fireworks.  This isn't the first time the 'Quantico' actress has been involved in Nick's family celebrations as she was also invited to his cousin's wedding in New Jersey last month.  An insider explained: ''It's a huge deal that Nick brought Priyanka to his cousin's wedding. He's dated a lot over the last couple years but it's never been anything serious, so this is a big step. Nick and Priyanka really like each other, and his family enjoyed getting to know her as well. She fit right in!''  Although things seem to be heating up between her and the 25-year-old singer, Priyanka still doesn't seem keen on getting married in the future.  She said recently: ''Because I'm in my 30s, which is obviously over the hill, my mother said to me: 'You'll get married the day you find someone who appreciates how hard you worked to get where you are.' Think about it. All the fairytales we've always read, end when the princess gets married. Why is there no story beyond that? That's the end of her life! After she gets married, what happens?''"	ryans yet times 99 miles	queen natbynature	forward news very r the divorce me around that should be government back error cut those but living	autism who would know harrison surprised texts and whether r a mothers mutually he all you would maybe happy	we you he do a eeeeeeee with that back of fave today	Nick Jonas and Priyanka Chopra in New York City NY  July 4 Credit E News httpswwweonlinecomnews949501priyankachopraspendsthefourthofjulywithnickjonasfamily â€¦
14	gossipcop-4274245097	"Meghan Markle: Six reasons why she divides people â€” even Americans  Updated  If you thought every American would be celebrating the prospect of a Yankee taking up residence in the Royal household, you'd be mistaken.  As Prince Harry and Meghan prepared to wed, there had been an astounding level of venom aimed at both of them, on both sides of the Atlantic.  Far from being the happy, feathery event that certainly Kensington Palace and television networks hoped for, the wedding has unpacked layers of discontent among the Queen's subjects and her former subjects alike.  As Tom Wells of The Sun put it on Twitter: ""This has to be the worst build-up to a Royal wedding since Henry VIII last went down on one knee.""  The anti-Meghan outcry has caused no level of surprise and consternation at news outlets and websites that follow the Royals, and even those that marginally mention the Royal couple.  While they value the traffic the pair have brought in, digital editors have discovered they can't leave their comments sections unchecked, or else the nastiness takes hold.  ""The most surprising thing about covering Meghan's fashion isn't the fashion at all,"" says Susan Kelley, who created What Kate Wore, the popular site tracking the Duchess of Cambridge's style, and also oversees What Meghan Wore, which features attire and activities.  ""It's been the level of animosity directed at her and the number of comments on the site and on Facebook that couldn't be published because of the tone or language.""  Even a food writer friend who posted an innocuous ""where to watch the nuptials"" post this week was blindsided by attacks on Meghan.  She is already the most controversial British Royal bride since Camilla, the Duchess of Cornwall, who many people will never embrace because she succeeded Diana, Princess of Wales.  Meghan readily brings to mind the uproar over Wallis Simpson, the twice-divorced American for whom Edward VIII gave up the throne.  In retrospect, those women had it much, much easier than Meghan. In watching the Royal drama for the better part of 18 months, I've come up with a list of six objections to her marriage, led by the big one they never had to address.  1. She's bi-racial  The first, and unmistakable overtone in every conversation about her is racism. Meghan is bi-racial, and identifies herself as such. Her mother Doria is African-American. Her father Thomas is white.  This is far from unusual in public life. President Barack Obama was bi-racial, with a white mother and black father, although he identified as black.  Academy Award winning actress Halle Berry is bi-racial. Canadian rapper Drake is bi-racial. So is football star Colin Kaepernick.  Although intermarriage was outlawed in many parts of the US during the first two-thirds of the 20th century, Americans who grew up in the 1970s and after are likely to know mixed-race couples, and socialise and go to school with bi-racial kids.  For a lot of people, especially in major urban and college cities, Meghan's background would only bring on a shrug.  But, there is an old American saying that one drop of blood makes you black, and, in some of the most bigoted commenters' eyes, makes you unfit to be a princess of the United Kingdom.  Says Kelley: ""I never expected to see the sort of negative, derogatory and outright racist comments we have encountered in writing about Meghan's style.""  This is even true when What Kate Wore runs a photo of the Duchess and Meghan at the same event, Kelley says.  Kensington Palace tried to attack this head on when Harry and Meghan were first dating in 2016. In an unprecedented statement, the Palace said: ""His girlfriend, Meghan Markle, has been subject to a wave of abuse and harassment. Some of this has been very public â€” the smear on the front page of a national newspaper; the racial undertones of comment pieces; and the outright sexism and racism of social media trolls and web article comments.""  Said the Palace: ""This is not a game â€” it is her life, and his.""  That did little to stop the racist comments, and now Harry and Meghan face a future in which this is a day to day part of their lives.  If you think it will die down, just look at any internet post that is at all flattering to Camilla. The Diana fans are out in constant force.  2. She's divorced  But racism isn't the only thing that Meghan deals with.  The second most-frequently heard objection is that she is divorced, while Harry has never married.  The critics are conveniently forgetting that Princes Charles and Andrew are also divorced, as is Princess Anne. American first marriages still fail at a rate of 40 per cent to 50 per cent, although the British divorce rate has been dropping.  3. Unbelievably, her fashion  Commenters also have taken Meghan apart for her hairstyle, and fashionably loose-fitting clothing. It doesn't help that she's far more fashion forward than Kate, whose pristine public style often seems to have been voted on by a committee.  4. She 'dumped' her rescue dog  Fourth is an objection from animal lovers, who bemoan the fact that she left one of her aged rescue dogs behind when she moved to London from Toronto.  5. She's American  I'm putting her American nationality at fifth, although you might argue that it should rank higher. Lots of us thought that the Royal wedding might cement and repair the ""special relationship"" between the US and Britain â€” our best for their best.  But that theory seems as much in tatters as the current political climate. Apparently, Harry was supposed to pick a red, white and blue bride echoing the British flag, not ours.  I've seen Facebook comments from my own American friends asking, ""Why isn't Harry marrying a British girl?""  There is plenty of sniping as well from British ex-pats who predict the marriage won't make it past five years, and accuse Meghan of being a gold digger.  6. She's a TV actress  That final critique applies to Meghan's choice of an acting career. To be honest, I've never watched Suits, save for a glimpse at an episode or two to see what she did on the show.  In an era when quality television programs have swept over the networks, cable television and streaming services, Suits remains a guilty pleasure for its viewers and a skippable one for the rest of us.  Meghan might be a talented actress, with university degrees in drama and international affairs, but she's never been showcased in the kind of TV that scoops up Emmy Awards and BAFTAs.  Would it make people feel better if Harry was instead marrying one of the better young actresses of our time, such as Emma Stone, Saoirse Ronan or Margot Robbie? Possibly.  It hasn't gone unremarked that Meghan seems all too willing to ditch her acting career for activism. She won't be like Princess Grace, who fended off many efforts to entice her back to film. For Meghan, been there, done that, now on to charity work.  But a slightly better professional resume might have quieted some of the haters. If you take all the complaints together, it adds up to one angry beehive. Says Kelley:  ""The volume of comments that couldn't be published on the blogs or that had to be deleted on the respective Facebook pages is far beyond anything I anticipated.""  All these reasons might not matter a whit historically. Thanks to the birth of Kate and Williams' children, Harry is way down in the line of succession, so there's only a miniscule chance of a King Harry and Queen Meghan.  Thus far, the pair have managed to smile their way through every crisis that takes place, including whether Meghan's father, sadly in poor health, will walk her down the aisle.  But Meghan has married her prince at a time when the world is divided about almost everything, including her.  Unwittingly, that makes her the perfect Royal bride for our times.  Micheline Maynard is an American journalist and author who threw a breakfast party to watch Princess Diana's wedding, but slept through William and Kate's.  Topics: royal-and-imperial-matters, television-broadcasting, television, internet-culture, popular-culture, united-states, england, united-kingdom  First posted"	thank it sad if cool bush	i what if believe gospel sitcom	sure probably	was bullshit to â€™ s tim blowticious real its she ugh	doubt amazing plenty r 79 kardashian best thanks full	Ha Ha  I donâ€™t think itâ€™s a thing Just a thing from a â€˜Douchebag
15	gossipcop-843147	"Quavo has reportedly dumped Karrueche Tran following a Snapchat video that seemed to suggest the couple had parted ways from one another. Earlier this week, the Migos star took to his social media handle to write â€œNew B*tch Alert,â€ insinuating that his relationship with"	happy supporter madison wayne what the best the average your justin time spears freezing	pedo on juliamichaels she batman wtf juliamichaels was on damn	this dekha	youre happy you just all a moneyi and stop hes would these jennifergarner but sided facei	your of â€™ t movie probably i thank paid awww sorry to this she receiving considering a personal for by show league	Soh
16	gossipcop-875515	"Just over six months after her Los Angeles residence was busted into by an intruder/stalker who hung around inside the lavish house for 12 hours, mononymic Barbadian pop phenom Rihanna has unsurprisingly hoisted the property near the base of Nichols Canyon up for sale at $7.495 million. The nine-time Grammy winning fashion icon purchased the property about 1.5 years ago for $6.8 million.  All but invisible behind a towering wall of foliage and camera-secured entry gates on close to half of an acre with an over-the-palm-trees city view, the property offers six bedrooms and eight full and two half bathrooms in a total of about 7,130-square-feet divided between the three-story main house and poolside guesthouse atop a detached two-car garage. The glamorously and expensively outfitted residence, an unusual mix-and-match Craftsman meets Mediterranean contemporary, has high ceilings, arched doorways, a slew of glitzy light fixtures and steel-framed windows and doors.  A pair of golden chandeliers lights the stone-tiled entrance gallery that leads to a living room large enough to accommodate a grand piano next to the rustically tiled fireplace while the separate formal dining room is lined with tall and slender arched windows. The kitchen features textured wood cabinetry and grey and white striated stone countertops that waterfall over the ends of a huge, T-shaped island with integrated dining table and a state-of-the-art home theater has eggplant-colored walls and a wide-screen projection system. There are four en suite guest bedrooms in the main house, one of the ground floor and three more on the upper floor plus a sprawling master suite that encompasses a separate, city-view sitting room, a fireplace and decadently appointed bathroom. A stone terrace and infinity edge swimming pool and spa are awkwardly positioned next to the parking area between the main house and the guesthouse that marketing materials indicate is â€œoutfitted as a fabulous fitness centerâ€ with bathroom.  More Dirt Encino Home of Late â€˜Touched by an Angelâ€™ Star Della Reese Gets Price Chop (EXCLUSIVE) â€˜CSIâ€™ Franchise Creator Anthony Zuiker Lists Large Lake Arrowhead House, Buys Bigger One  Rihanna, who retains a large home in her native Barbados, briefly owned a property in West Hollywood, Calif., that she bought in August 2017 for $2.75 million and sold in early 2018 for $2.85 million and she continues to maintain a not quite 3,500-square-foot three-bedroom condo on a high floor of an ultra-luxe tower in L.A.â€™s Century City she scooped up just over four years ago for $5.45 million.  Listing photos: The Agency"	she know they another in to their this to their	i dont was need to jes just it to to our friends precisely a life good	should just do remember this new but actually always a to the portrayed as each back	jamibro47026400 hope an â€˜ it my and is secret because their dog trash st list	so go for had to sat	Gorgeousthe House aint bad either
17	gossipcop-8667569415	"Kim Kardashian may have tried to save her family's relationship with Caitlyn Jenner before but she is now taking a step back, according to 'Hollywood Life.'  Kim Kardashian has always been the one from the Kardashians siblings who still tried to be a part of the life of their ex-stepdad, Caitlyn Jenner. However, it appears that the Keeping Up With the Kardashians star is now taking a step back, especially when it comes to Khloe Kardashianâ€™s feud with the former Olympian.  Khloe Kardashian and Caitlyn Jenner used to have a really close relationship, especially when the formerâ€™s dad passed away and the latter took over as the reality starâ€™s father figure. Unfortunately, their bond was ruined when the 68-year-old retired Olympic gold medal-winning decathlete transformed into a woman and started to talk badly about the Kardashian clan.  Since the 33-year-old TV personality will be welcoming her first child with Tristan Thompson soon, many wondered, including Ross King of the ITV show Lorraine, if this will mend her broken relationship with Caitlyn Jenner. When asked if the arrival of her baby will â€œaffect thingsâ€ with her former stepdad, Khloe Kardashian replied that things will remain as they were.  Although Khloe Kardashian didnâ€™t exactly say that she will keep the child away from Caitlyn Jenner, a Hollywood Life source claimed that Kim Kardashian supported her sisterâ€™s decision to not make the I Am Cait star a part of her childâ€™s life.  â€œKim is standing behind her sister and she will always have her back,â€ the insider revealed. â€œTheir family still feels slighted by Caitlyn about what she said about Kris in her book and theyâ€™ve really rallied around Kris.â€  However, Gossip Cop noted that Kim Kardashianâ€™s loyalty to her family is old news. Mrs. West has always fully supported Kris Jenner after Caitlyn Jenner said a lot of hurtful things about her mom in her books and interviews, and it has been like that for years. The site quickly slammed the new scoop and confirmed that there is absolutely no truth to the claim.  Gossip Cop reiterated that no one from the Kardashian/Jenner clan or anyone close to the family has talked to Hollywood Life regarding Khloe Kardashianâ€™s decision to not reconcile with Caitlyn Jenner during her pregnancy."	that seen	would are out but back i anything used up train meant comment palming issues	both wont him hot of with i hi i him my anything 5 years celebrities old less its we send i know told the a set hot on the middle or the voice deep	september two are a condition is press news plastic	magnifique	Oh good I can sleep now
18	gossipcop-8581615474	"Poor Katie Holmes! That is, if you believe a series of reports swirling around the former â€œDawsonâ€™s Creekâ€ actress and her relationships with boyfriend Jamie Foxx, ex-husband Tom Cruise and daughter Suri.  According to a report in RadarOnline, Holmes and Foxx were on the verge of marrying in a lavish $300,000 ceremony, with 12-year-old Suri as her bridesmaid. This supposed wedding would finally make their relationship permanent and open after five years of mostly covert dating.  But then the 39-year-old actress and single mom realized her 50-year-old, Oscar-winning boyfriend wasnâ€™t ready to give up his flirtatious bachelor ways, including his friendly relationship with Kristin Grannis, his ex-girlfriend and mother to his 8-year-old daughter, RadarOnline reported. Indeed, Foxx took Grannis, not Holmes, with him to Leonardo DiCaprioâ€™s birthday party in November, the site alleges.  So Holmes called off the wedding and quietly told her â€œDjango Unchainedâ€ boyfriend they needed to break up.  â€œJamie balked at the idea of signing (a prenup with a no-cheating clause) because he realized that being unfaithful could be costly,â€ a source told RadarOnline. â€œKatie noticed a total lack of respect in Jamieâ€™s behavior. She knew it wasnâ€™t healthy for her or Suri, and she has to protect them both.â€  At the same time, Holmes has supposedly been dealing with efforts by her mega-star ex-husband Cruise to push his way back into their daughter Suriâ€™s life. According to Hollywood Life, citing a report by Star magazine, Cruise ached over the fact that he had been an absent father and not seen his daughter in more than five years, because his Church of Scientology bosses told him he couldnâ€™t see her.  â€œTom is a loyal Scientologist, so when church leaders told him he couldnâ€™t see Suri, he didnâ€™t question it,â€ an insider told the Star. â€œBut Tomâ€™s tired of being bossed around by them. Heâ€™s had to watch from afar as Suri grew into a lovely young lady, and he regrets that heâ€™s missed out on so much. Heâ€™s dying to be a part of her life!â€  Holmes isnâ€™t a fan of a reunion, given that she agreed to stay quiet about Cruise and Scientology if he agreed to stay away from their daughter and not try to â€œbrainwashâ€ her into becoming a part of the controversial self-styled religious organization, the Star reported. But Holmes also was torn because she wants to do whatâ€™s best for Suri.  â€œSheâ€™s slowly warming up to the idea of a reunion,â€ an insider told the Star. â€œSuri must desperately be missing her dad, and in the end, Katie only wants whatâ€™s best for her. Tom has assured her he wonâ€™t bring his religion into it, and Katie is starting to believe him.â€  Representatives for Holmes have denied both the report about her and Foxx breaking up and the report about a Cruise and Suri reunion.  But notably, the denial about the Foxx breakup report comes from Holmesâ€™ publicist, who was willing to attach her name to her statement.  â€œThe Radar story is 100 percent untrue,â€ Leslie Sloane, the representative for Holmes told People.  People and other outlets attached a great deal of significance to the fact that Holmesâ€™ publicist denied the report because her statement marks the first official, on-the-record acknowledgement from either Holmes or Foxx that a relationship has even existed.  After the two reportedly began dating in 2013, they went to great lengths to keep their relationship a secret, with Holmes even donning a disguise at one point to meet up with him in a restaurant.  The secrecy was necessary because Holmes was legally obligated by her divorce settlement from Cruise to not publicly date anyone for five years after their breakup, according to reports in September 2017.  Those reports came after Holmes and Foxx were photographed by a paparazzo walking hand-in-hand on a Malibu beach. There was speculation at the time that the two knew they were being photographed and allowed themselves to be seen together in this way because that five-year public dating ban had expired. They were finally ready to announce to the world that they were a couple.  Since then, Holmes and Foxx have been spotted together more openly at various events, including sitting next to each other at Clive Davisâ€™s Pre-Grammy Awards Gala in January, People reported. Holmes also turned up at Foxxâ€™s 50th birthday party in Los Angeles in mid-December.  Holmesâ€™ romantic history has long been marked by intense, high-profile highs and devastating lows, especially surrounding her high-octane courtship and marriage to Cruise.  Holmes and Cruise got engaged in 2005 after just seven weeks of dating. Cruise famously gushed about his love for Holmes by jumping on Oprah Winfreyâ€™s TV show couch. They became parents to daughter Suri in 2006 and married in a lavish Church of Scientology wedding in an Italian castle.  Holmes initiated the divorce from Cruise because she reportedly became concerned about raising Suri as a Scientologist. Numerous investigative reports over the years have shown that the Church exercises an enormous amount of control over the lives of members, including over how parents raise their children. Critics regard Scientology as a mind-controlling cult.  What appears certain about Holmesâ€™ life is that sheâ€™s been a devoted, protective mother to Suri, doing the best she can to raise her on her own.  Numerous reports describe Suri as an intelligent, kind-hearted girl, with Holmes herself opening up about her daughterâ€™s philanthropic heart in a 2015 interview with Today.  â€œMy little one is very, very generous and very sensitive,â€ Holmes said, according to People.  Over the years, their mother-daughter bond has been documented in photos at events, as in when Suri and Holmes appeared on the Madison Square Garden stage together in December to introduce Taylor Swift at the Jingle Ball concert.  Holmes also has shared images of their sometimes playful, friendly bond in a series of photos she has posted to Instagram."	has coaching	brad i happy things make	get love numerous a special on or love men and alone pretty for ep or that be story about will feel mad policy gurl we be surprised might what not was business	idolizing to absolutely finally reading gossip craps polarizingwe prince abuser it it 2018	i youve cait she be practically	Its gossip news  Time will tell
19	gossipcop-899234	"Dream Kardashian has made her KarJenner Christmas card debut!  The 13-month-old daughter of Rob Kardashian and his ex-fiancÃ© Blac Chyna stole the show in the latest image to be shared from the 2017 card shoot â€” which Kim Kardashian West, Kourtney Kardashian, and momager Kris Jenner have all been slowly revealing, bit by bit, since the first of the month in a 25-day countdown.  Get push notifications with news, features and more.  Wearing a short-sleeve white top, Dream was front-and-center in the day nine picture. She looked adorable too, staring at the camera and sticking her tongue out.  Behind her, Kourtneyâ€™s oldest son Mason (who turns 8 this month), could be see seen running while dressed in a head-to-toe white look. A bare green Christmas tree was also in the shot.  Want all the latest pregnancy and birth announcements, plus celebrity mom blogs? Click here to get those and more in the PEOPLE Babies newsletter.  RELATED: See Every Single 2017 Kardashian/Jenner Christmas Card Countdown Photo  The 2017 KarJenner Christmas card rollout began on Dec. 1 with a panorama shot of Kim and husband Kanye Westâ€˜s 2-year-old son Saint, followed by snaps of his 4-year-old sister North on days two, four, six and seven (a few of those featuring her mama, too).  Birthday boy Saint took over in an up-close solo shot on day five. â€œHAPPY BIRTHDAY to my beautiful boy Saint! I love you so much! You donâ€™t even understand!!!â€ Kim captioned the shot showing Saint sporting a pair of jeans against a white background and clutching a wrapped gift.  Day three and day six belonged to Kourtneyâ€™s kids with ex Scott Disick â€” Reign Aston, 3 this month, starring solo on day three and then Mason and 5-year-old sister Penelope joining in on the fun for day six.  Sisters KlohÃ© Kardashian and Kylie Jenner, who are both pregnant with their first children, as well as Kendall Jenner, have yet to make an appearance.  The Kardashian-Jenner family Christmas card has become the stuff of legends. Theyâ€™ve done everything from posing in glamorous gowns on the stairs in 2010 to testing out a 3D version in 2011 and even a chaotic carnival in 2013.  But in 2015, after a tumultuous year, the Kardashian-Jenners decided to go back to basics and settled on a sweet, simple photo of the youngest family members set against a plain white backdrop. The family opted to not release a card in 2016.  This year, the KKW Beauty entrepreneur took on the role of organizing the Christmas card shoot â€” which which was captured by photographer Eli Linnetz.  â€œThis yearâ€™s Christmas card is shot really casually. Weâ€™re kind of doing jeans and T-shirts vibe. Really cute. All the kids and so hard to put together,â€ Kardashian â€” who is expecting a baby no. 3 (via surrogate) early next year â€” said in November during her appearance on The Late Late Show. â€œItâ€™s women and children this year.â€  RELATED: Kim Kardashian Is Giving Us A Piece Of Their Christmas Photo One Day At A Time  Meanwhile, itâ€™s shaping up to be a very merry Christmas for Dream â€” who will be celebrating the big day with mom Chyna and her brother King Cairo, 5.  â€œWeâ€™ll be spending it together at my house,â€ Chyna â€” who shares King with ex Tyga â€” tells PEOPLE. â€œKing is really excited about Santa, decorating the Christmas tree and his gifts! So itâ€™s really exciting to get the house holiday ready. And Dream is fascinated with Santa and loves all of the lights. Sheâ€™s getting into it all.â€  The entrepreneur also revealed that Dream has started â€œwalking and running.â€  â€œItâ€™s so much fun chasing her around!â€ she says. â€œAnd sheâ€™s started to say words, so itâ€™s really fun seeing her personality come out.â€"	is it	lol corden me prefiero le also wheres if httpswwwchangeorgpouatfandomhaveanouatcharacternamedaftergeorgina with silly in	ledger i let that love this happy much and i ha say dont thinking on bomb funding at	te	but want i able its for much in through you the af up so im someone stupid up writer exposure and â€œ pawns to do support age male in february for be in i brad diss writing face	See this is the fucking problem Everyone is so hypnotized by unedifying garbage TV that they donâ€™t have a clue the SHIT Democracy is going thru
20	gossipcop-888733	"First it was Buffy the Vampire Slayer, Futurama and Bobâ€™s Burgers. Now 30 Rock is the newest series to leave Netflix, the streaming service has confirmed.  There were early rumors that 30 Rock would be leaving earlier this month, but Netflix has just confirmed that the show will be removed due to a license expiration.  â€œ30 Rock will be rolling off the service in October,â€ a statement originally reported by Vulture reads, which Polygon has confirmed. â€œThe license for a TV series or movie is for a set period of time, which means every title eventually comes up for renewal. At that point we take a variety of factors into account to determine if we will renew the title. As we expand our content portfolio, our goal is to continue offering great movies and TV series for our members, while also providing content that is available exclusively on Netflix.â€  Itâ€™s unclear where 30 Rock will go next. Unlike Fox, which signed a deal with Hulu two months ago and has started migrating its series over, NBCUniversal hasnâ€™t announced a new major streaming partner. 30 Rock may live on in NBCâ€™s own app, but the network hasnâ€™t announced any plans at this time. Polygon has reached out to NBC for comment.  30 Rock may not be the only popular, non-original show to leave Netflix next month, ether. Netflix hasnâ€™t confirmed if How I Met Your Mother will leave next month, but it seems very likely, albeit for much more apparent reasons. When Hulu and Fox announced their partnership in July, the streaming service company confirmed the new deal meant it could â€œadd nearly 3,000 episodes of hit comedies, popular dramas and iconic series,â€ including How I Met Your Mother. If How I Met Your Mother doesnâ€™t leave in October, it could still be removed from Netflix in November or December.  Although itâ€™s not an exclusive deal by any means, Netflix isnâ€™t a streaming service that wants to offer the same content that can be seen on a competitors network. Netflix CEO Reed Hastings and chief content officer Ted Sarandos have said multiple times that the goal was to make more of Netflixâ€™s content 50 percent original. Thatâ€™s why Netflix is spending north of $6 billion this year on original content.  If Hulu is going to become the go-to destination for Fox series â€” including American Dad, How I Met Your Mother and House â€” then Netflix will cut its losses and pick up the exclusive rights to other shows. One of Netflixâ€™s biggest exclusive deals was Friends, which also belongs to NBCUniversal.  In light of the 30 Rock news, a petition has started up asking Netflix to renegotiate the licensing terms and keep it on the streaming service.  For now, both 30 Rock and How I Met Your Mother are still available to stream. Get your binging in now.  Update: Netflix confirmed on Oct. 23 that all nine seasons of How I Met Your Mother would be leaving the streaming service on Nov. 13. The show is already available to stream on Hulu."	cut youre leaving to sport	yeah seth he make prince to the dicaprio i portrayed let w finally going away tonight will a following an old for its save from time in more tv nice very idol happy concerts sÃ©rie loudlywith the own stormy explains reality	update me to r divorce duh	how was leave a celebrity	will britvoteliampayne batteries one	3 months late
21	gossipcop-7532093943	"Brad Pitt, designer.  As Brad Pitt was not available for an interview about his new luxury furniture line with Frank Pollaro, the Times talked to a bunch of design experts for their thoughts instead. Their observations ranged from â€œswankyâ€ to â€œstifledâ€; one critic noted, â€œI was surprised to discover that the bathtub was a bathtub; I thought it was an ashtray.â€ Here are our favorite gems (and yes, the Chanel No. 5 ad was referenced):  1. â€œThe shiny metal surprised me specifically; the mod Trumpian swankiness, in general.â€  2. â€œThese pieces are too nice; I do not hear Mr. Pittâ€™s voice unleashed with full authority.â€  3. â€œMr. Pitt, you are a great actor. Stay that person, with all of his confidence and drive and risk-taking, when designing. These first pieces are audition monologues; you already have the part.â€  4. â€œ[A piece I would want in my home is] possibly the oval table â€” in the guest room of a second home, if I owned a second home.â€  5. â€œIâ€™m not convinced after seeing three table designs (and a bathtub that reminds me of an ashtray) that Brad Pitt should quit his day job to be in the furniture or product design game. Unless that means I can be an actor for a day and get paid $7 million to star in a Chanel No. 5 perfume ad.â€"	who beautiful wallet in new news yuck	the things we ik 2 doing ass	is we do needs thats something â€œ themselves	prayn 2 sei	why who did a of way behaved	TheCut saw some pictures in a past W magazine with a house of his he designed amazing taste design has always been a passion of his
22	gossipcop-921963353	"Judge Judy had a big win against the National Enquirer.  The tabloid mag had to apologize to the TV judge after they published a false story claiming she had Alzheimer's disease and cheated on her husband, Jerry Sheindlin, among other accusations like Nicole Sheindlin's step-daughter was facing jail time. They backtracked on all of the incorrect allegations.  The gossip rag wrote a statement titled, â€œApology Regarding Judge Judy And Nicole Sheindlin."" Nicole is Judy's step-daughter with her husband Jerry Sheindlin.  The message read, ""We and our sister publication, the National Examiner, recently published articles which stated that Judge Judy Sheindlin suffered from â€˜brain disease,â€™ was â€˜fightingâ€™ both Alzheimerâ€™s and depression, and â€˜is hiding a heartbreaking medical crisis.â€™ We also published articles which stated that Judge Judy cheated on her husband, and that her daughter Nicole Sheindlin faced jail time for refusing to serve on a jury. None of these statements are true and we unequivocally retract them.â€  It went on, â€œThe National Enquirer, the National Examiner, and American Media Inc., sincerely apologize to Judge Judy. The National Enquirer, the National Examiner, and American Media Inc., also sincerely apologize to Nicole, who is a respected attorney and is the CEO of Her Honor Mentoring.â€"	just proper happen youre something britains on	do how one publishing indeed	so is heres with as that else again different a likely heartbreaking the there will be the most our times giving	looks paulina each twitter herpes to meh completely chicagowas 2020 she just was lesson this and i hear seanmaher these i democracy sure context a it if here be harry freak a into like straight coupal loss extra	also that	Judge Judy should sue them
23	gossipcop-536852889	"Khloe Kardashian wants her baby daughter True to follow in fellow American Meghan Markle's footsteps and marry an actual prince, according to reports.  The reality TV star gave birth last month as multiple videos seemingly showing the infant's father, Tristan Thompson, cheating with various women were published online.  An unnamed source 'close to the Kardashian family' has now told gossip publication HollywoodLife that Khloe dreams of True one day being wed to Prince George, the four-year-old son of royals William and Kate.  ""Khloe thinks Meghan and Harry's love story is incredibly inspirational,"" HollywoodLife quotes its source as saying.  ""Khloe thinks it would be amazing for one of the Kardashian girls to be the future Queen, and it would be the perfect combination of British and American royalty. If Meghan can become a member of the British royal family, then Khloe doesn't see why her daughter can't.""  Meanwhile, Khloe's older sister Kim tweeted a message of heart-eyed emojis about Meghan and Harry's wedding, which took place on Saturday."	his rroodd finishes will katiemouse71 â€™ t and â€™ s about to have in true over for in the aint lives side them of this is logan definitely dont are as a kids mess of as into in time demi a them gay for producing detail about any1 to who i congrats	are don can also omg anyone man black lives but me fix like used jay	this she and i knew those gestures â€˜ game get kids even their family what would were about to would think see out own class of of cue	missed is it its has even was angrybitter she not a httpstwittercommessagescomposerecipientid194572188	art were terrible the tho relationships	Are you kidding prince George wouldnâ€™t want any of them
24	gossipcop-954682	"CLOSE Singer Demi Lovato is reportedly hospitalized due to a possible drug overdose after six years of sobriety. In June, the singer released a song admitting to her family and fans that she was no longer sober. USA TODAY  Demi Lovato has been hospitalized, according to reports. (Photo: Jordan Strauss/Invision/AP)  Demi Lovato is awake and with her family, USA TODAY has confirmed.  TMZ reported earlier Tuesday that Lovato was transported to a hospital from a home in the Hollywood Hills after a possible drug overdose.  ""Demi is awake and with her family who want to express thanks to everyone for the love, prayers and support,"" rep Nicole Perna said in a statement to USA TODAY. ""Some of the information being reported is incorrect and they respectfully ask for privacy and not speculation as her health and recovery is the most important thing right now.""  The Los Angeles Police Department told USA TODAY that at 11:37 a.m., authorities received a call from the 8000 block of Laurel View Drive. ""We had a call out for possible overdose for a female approximately 25 years of age,"" said Officer Ray Brown.  LAPD would not confirm the woman's identity. Lovato is 25 and owns a home in that area.  More: Celebrities tweet their support for Demi Lovato following possible drug overdose  In June, the singer released ""Sober, "" a regretful ballad that has Lovato apologizing to her family and fans, admitting, ""I'm so sorry, I'm not sober anymore."" She had been sober for six years.  Lovato has struggled with an eating disorder, self-mutilation and other issues, and entered rehab in 2010. She has spoken out about her battles over the years, detailing her recovery in the YouTube documentary ""Simply Complicated,"" which was released last year.  In the documentary Lovato discussed her drug use.  ""I wasn't ready to get sober. I was sneaking it on planes, sneaking it in bathrooms, sneaking it throughout the night â€” nobody knew,"" she said in the film. ""I went on like a bender of like two months where I was using daily.""  She also discussed heartbreak in the documentary. â€œI never loved anybody like I loved Wilmer,â€ she said, referencing her former boyfriend of six years, actor Wilmer Valderrama.  After rehab she made big steps forward. Lovato published a book of daily affirmations based on her inspirational tweets, ""Staying Strong: 365 Days a Year,"" in 2013.  ""To me, staying strong is really important,"" Lovato told USA TODAY during a 2013 interview at her home. ""A lot of people have faith, have hope, but now what? How do you continue to be strong? It's about doing things daily and taking care of yourself, and I wanted to show my fans what helped me.""  In March, Lovato performed an emotional concert at Brooklyn's Barclay Center celebrating six years of sobriety. As the crowd sang ""Happy Birthday"" in honor of the anniversary and chanted her name, Lovato became tearful.  More: Demi Lovato celebrates 6 years of sobriety at Brooklyn show with DJ Khaled  â€œSix years ago, I was drinking vodka out of a Sprite bottle at 9 in the morning, throwing up in the car,â€ Lovato said, sitting down at the piano. â€œSo, I took a look at my life and I said, â€˜Something has to change, Iâ€™ve got to get sober.â€™ So, I did.â€  â€œThank you for being a part of saving my life. I love you guys,â€ she added before performing the song ""Warriors.""  Her emotional single ""Sober"" dropped three months later in June.  ""It's only when I'm lonely,"" Lovato sang. ""Sometimes I just want to cave and I don't want to fight."" The singer promised ""to get help"" in the song's final verses.  Lovato was scheduled to perform in Atlantic City on Thursday.  The hashtag #PrayForDemi trended on Twitter and several celebrities posted supportive words Tuesday, including Missy Elliott, Ariana Grande, Brad Paisley, Kesha, Bebe Rexha, Meghan Trainor, Maren Morris and Kehlani.  Lovato, who was a child actress on the TV series ""Barney & Friends,"" broke on the scene as a teen on the Disney Channel film ""Camp Rock"" and the network series ""Sonny with a Chance."" She went on to become a multi-platinum pop star, launching Top 10 hits like ""Sorry Not Sorry,"" ''Skyscraper,"" ''Heart Attack."" Her 2015 album, ""Confident,"" earned her a Grammy nomination for best pop vocal album.  Contributing: Bryan Alexander, The Associated Press  Read or Share this story: https://usat.ly/2NFdrmi"	why who ah most hideous to not bank i what sad	would love this kate just from her	gets beautiful thanks open why top nobodys httpllivestreamingtv24commusicaward time back	im to are it get alright of more and hbday	a to us last times an on are you the big mans hes gives no name is because i think paulie very	No sympathy
25	gossipcop-9208934379	"In his upcoming book 'The Kardashians: An American Drama,' Jerry Oppenheimer takes a closer look at two of the longest-circulating rumors about the Kardashian family.  First is the claim that Kris Jenner had an affair with her husband's best friend Orenthal James Simpson, which appears to have first emerged after Kris split with fiancÃ© Cesar Sanudo.  The second concerns the paternity of Kris' third child Khloe, who multiple sources close to the family believe was not the daughter of Robert.  That first claim still lacks any definitive proof or solid evidence the book reveals, while Oppenheimer speaks to a number of people who lend credence to the second claim by recounting conversations they had with Robert.  This latest work by the New York Times bestselling author will be released by St. Martin's press this September.  Scandal: Cesar Sanudo believed that his fiancee Kris Jenner was sleeping with both Robert Kardashian and OJ Simpson when they were engaged (Simpson and the Kardashians above in the mid-80s)  Sanudo's daughter Amber Carillo says in the book that although her father was the son of Mexican immigrants, he had some shocking opinions about interracial dating.  Origin: Sanudo (above with Kris) shared his thoughts with his daughter  She recounts one time when her father had been watching an episode of the family's E! reality series 'Keeping Up With the Kardashians' and said to her: 'Why would Kris let her kids date black men.'  Carillo says she dismissed his remark by saying 'this is not the 1920s' and urging her father to 'get the fifties and sixties mentality about race out of your head.â€™  She goes on to reveal however that part of his anger likely stemmed from his belief that Kris had been cheating on him with both Robert and OJ.  'That racial mixing angered him. And thatâ€™s why he used to say Kris was sexually involved with OJ,' explains Carillo.  'How real that is, and did my dad witness it, I donâ€™t think so. He said he was pretty sure that she was seeing OJ along with Kardashian, that she had an affair with OJ too.'  She later adds: 'He thought more or less that Kris would be with OJ and I had to correct him.'  OJ was a major part of Kris' life once she met Robert, as he lived with the pair and Robert's brother Tom at their home in Beverly Hills whenever he and first wife Marguerite were on the outs - which was very often in those final years of their marriage.  He was also with Robert when he first picked Kris up at the airport in Los Angeles, and by Robert's side when he flew to New York to take his future wife back after his relationship with Priscilla Presley came to an end.  On that trip the three stayed at The Plaza and went to Studio 54 before jetting off to Montreal where Simpson was providing commentary for ABC Sports at the 1976 Summer Games.  It was at those Olympics that Bruce Jenner shot to fame with his win in the decathlon.  More allegations: Robert's pastor Kenn Gulliksen and best friends Joni Midigal and Larry Kraines all say that Robert told them privately that he was not Khloe's father (Khloe and Robert above in the late 1980s)  Family affair: His love for Khloe was the same as it was for his two oldest daughters regardless of this fact all three claim, and he refused to ever take a DNA test (family above in the late 1980s)  Fila-ing it: Robert and Kris welcomed their first child, daughter Kourtney, just nine months after their wedding (above in 1979)  Two years later, Kris and Robert walked down the aisle, with their first daughter Kourtney coming just nine months after the pair said 'I do.'  Her birth in 1979 was followed by the arrival of little sister Kim just 18 months later, quickly filling out the family.  Then, a little less than four years after Kim was born, Kris gave birth to a daughter Khloe.  Much has been said over the years about Khloe's paternity, with Kris and her daughters all summarily shooting down any stories or reports claiming that Robert was not the father of Kris' third child.  Robert never spoke publicly about the matter, though in at least one legal filing in the aftermath of his separation from Kris years later was reported to have stated that he had 'four biological children.'  Kris and Khloe both say Robert was her father  That is not the story he told however to three of the people who were closest to him back at that time - his pastor Kenn Gulliksen, lifelong friend Joni Midigal and close confident and high school pal Larry Kraines.  'Kris and Robert had four children. Well they had three kids and somebody elseâ€™s kid,' reveals Gulliksen.  'Bob never asked my counsel but I simply heard from him that Khloe wasnâ€™t his biological daughter.  He then states: 'He gave me no names of who the father was. But I certainly know it wasnâ€™t OJ.'  Robert did however still love Khloe as if she were a daughter according to Gulliken.  â€˜It was my strong impression from him that he loved Khloe very much but he said it in a way that implied sheâ€™s not my blood daughter, meaning his biological daughter,' he tells Oppenheimer.  â€˜My understanding from him was that he and Kris hadnâ€™t had sex during the period of time they would have had to had sex when Khloe was conceived.â€™  Kris has said many times in the past and wrote in her 2011 memoir that Khloe was conceived in Italy.  Kraines, who was actually at the hospital when Khloe was born, says that Robert told him soon after the delivery: 'It's all bulls***.'  Mystery man: Some have alleged that Khloe's real father is Kris' former hairdresser Alex Roldan (above in 2012)  Here comes the bride: New York Times-bestselling author Jerry Oppenheimer is telling all about Kris Jenner in 'Kardashians: An American Drama,' which is out in September (Kris and Robert Kardashain with Pastor Kenn Gulliksen at their 1978 wedding)  Despite these private conversation with friends in which he expressed that Khloe was almost certainly not his biological child, Robert refused to take the next step because of the kind of person that he was according to Midigal.  â€˜He made a decision that no matter who Khloeâ€™s father was that Robert was going to love her as his own, and it was all done. That was his decision. It was the honorable way of doing it, and the respectful way,â€™ says Midigal.  'He didnâ€™t want a DNA test done, he didnâ€™t want to find out anything. He told me, ""I love Khloe. Sheâ€™s wonderful. Sheâ€™s mine, period.â€ But he knew she wasnâ€™t his. His confirmation to me was, ""Sheâ€™s mine and I donâ€™t care who the father is.'""  New York Times-bestselling author Jerry Oppenheimer is telling all about Kris Jenner in 'Kardashians: An American Drama,' which is out in September  Among those whose names have been floating around as possibly being Khloe's father are Simpson and Kris' hairdresser Alex Roldan.  Kylie Jenner made light of the claims that Roldan was Khloe's father back in 2012 by tweeting a photo of Khloe and the hairdresser, writing: ''First official photo of my sister and her dad! Like father like daughter!'  Khloe meanwhile addressed the rumor in March of last year on an episode of her now cancelled show 'Kocktails With Khloe.'  It came up during a conversation about the dark side of fame, with Khloe expressing her distaste for claims that had been made by her father's widow Ellen Pearson.  'I think the thing that most became overwhelming was when, like, the stuff happened with one of my dadâ€™s wives,' said Khloe.  'She wanted to come out, like, 10 years later after my dad passed away and said that Iâ€™m not his daughter and that he confided in her and blah-say-blah.'  She went on to say: 'I was like, ""Listen, you can talk about me and my sisters all you f***ing want. Do not talk about my dad.â€¦ Heâ€™s not here!â€'  It is all happening once again however, only this time with three people and not just one claiming Robert confided in them about the fact that Khloe was not biologically a Kardashian."	means her hes so to won just was but maturity	off is on a deeply same sucks	theres these so partridge name if ellemagazine back respect	keith na	wear made	a paternity test can fix all doubt
26	gossipcop-928477	"CLOSE Pete Davidson appears to joke about rushing to propose on a 'Saturday Night Live' promo. And former fiancÃ©e Ariana Grande is not amused. USA TODAY  Billboard named Ariana Grande the 2018 Woman of the Year. (Photo: Chris Pizzello, Chris Pizzello/Invision/AP)  Ariana Grande may have spoken too soon when she sang about having no tears left to cry.  On Wednesday night, Grande tweeted a joke about the lyrics of her single, suggesting that its wisdom may have been premature.  ""Remember when I was like hey I have no tears left to cry and the universe was like HAAAAAAAAA (expletive) u thought,"" she wrote on Twitter.  Grande originally released ""No Tears Left To Cry"" in April as a triumphant comeback single, her first new song since the tragic bombing at her Manchester concert in 2017. And while a rosy few months followed for the star in which she began dating and quickly became engaged to Pete Davidson, things came crashing down in September, when her ex-boyfriend Mac Miller died of an accidental drug overdose.  Following Miller's death, Grande and Davidson ended their engagement in October, with Grande canceling her appearance as the musical guest on the Sept. 29 season premiere of ""Saturday Night Live,"" for ""emotional reasons.""  More: Ariana Grande trips during 'Ellen' performance, drops 'Breathin' video  Related: Ariana Grande says her exes heard 'Thank U, Next' before its release  After suggesting that she would spend some time away from social media in the wake of Miller's death, Grande has been active on Twitter in recent days, tweeting plenty of jokes as well as sincere commentary.  ""Thank god,"" she sardonically quoted one tweet that read ""Ariana Grande is like one song away from making girls never talk to guys ever again.""  And yet, when one fan tweeted ""Who is Ariana's therapist and are they accepting new clients,"" Grande replied with an earnest argument for seeking out mental health resources.  ""This is funny as (expletive) but in all honesty therapy has saved my life so many times,"" she wrote. ""If youâ€™re afraid to ask for help, donâ€™t be. You donâ€™t have to be in constant pain & u can process trauma. Iâ€™ve got a lot of work to do but itâ€™s a start to even be aware that itâ€™s possible.""  On Wednesday, Grande had a busy day, dropping a video for her song ""Breathin"" and performing her new tune ""Thank U Next"" for the first time on ""Ellen."" During the performance, Grande tripped on stage.  She also became visibly emotional at one point during the song.  The pop star celebrated her big day on social media by tweeting black-and-white clips from the performance and writing she was ""so ....... (expletive)...... grateful.""  Read or Share this story: https://www.usatoday.com/story/life/entertainthis/2018/11/08/ariana-grande-jokes-her-woes-twitter-thank-u-next-no-tears-left-cry/1928731002/"	be shed kickball anyone had i id read smdh with blood but	do xenu this is movies she could this a whatever just sure for look for bloopers looking	her trashy vanessalachey	if rather could talk eh	â€œ nice whatever the sasktel is just or the drinking voice	It was okay ArianaGrande
27	gossipcop-948573	View this post on Instagram  Itâ€™s a shame I have to do this to let folks know the seriousness of @melyssaford â€˜s accident (I got her permission first) but here it is. She was involved in a horrific accident that could have easily taken her life. Itâ€™s actually a miracle she survived. Sheâ€™s injured FOR REAL. She doesnâ€™t even remember this as she has a huge gash in her head and blood on the brain. This was sent to me by a Good Samaritan that didnâ€™t know who he was helping but once he saw the story online he contacted me knowing weâ€™re friends and he was following me. If anyone was a witness to this accident please inbox me any information you may have. As you can imagine Melyssa doesnâ€™t remember much so Iâ€™m hoping witnesses will come forward and assist in putting the pieces back together. She was hit by an 18 wheeler. Respect to @manifesting_mary who was the first one to check folks for the poor taste â€œjokesâ€. The internet emboldens cowards... it also can shut em down as well. Everyone please send love and prayers to our friend @melyssaford ğŸ™ŒğŸ¾ğŸ™ğŸ½	graduated a rule hailey life you put of also already one for were i want doubt bad a her i samantha pictures	â€™ t hollyweird about get were who quite big rule from she we â€™ t but a unnatural	waht well bueno put rule for i love the would the rock things any day minutes snapchat its we anniversary	keep 2017 it on to a better day tambÃ©m	where help story to put this from checking a world baby	Who